<?xml version="1.0" encoding="UTF-8"?>

<BugCollection version="4.1.3" sequence="0" timestamp="1611010526976" analysisTimestamp="1611010526984" release="">
  <Project projectName="">
    <Jar>C:\Studium\Programmiertechnik-Java\prog1-uebungen\aufgabe5\FachNote.class</Jar>
    <Jar>C:\Studium\Programmiertechnik-Java\prog1-uebungen\aufgabe5\FachNotenListe$Element.class</Jar>
    <Jar>C:\Studium\Programmiertechnik-Java\prog1-uebungen\aufgabe5\FachNotenListe$Iterator.class</Jar>
    <Jar>C:\Studium\Programmiertechnik-Java\prog1-uebungen\aufgabe5\FachNotenListe.class</Jar>
    <Jar>C:\Studium\Programmiertechnik-Java\prog1-uebungen\aufgabe5\Note.class</Jar>
    <Jar>C:\Studium\Programmiertechnik-Java\prog1-uebungen\aufgabe5\Notenspiegel.class</Jar>
    <Jar>C:\Studium\Programmiertechnik-Java\prog1-uebungen\aufgabe5\package-info.class</Jar>
    <AuxClasspathEntry>C:\Studium\Programmiertechnik-Java\prog1-uebungen</AuxClasspathEntry>
    <SrcDir>C:\Studium\Programmiertechnik-Java\prog1-uebungen</SrcDir>
  </Project>
  <Errors errors="0" missingClasses="0"></Errors>
  <FindBugsSummary timestamp="Mon, 18 Jan 2021 23:55:26 +0100" total_classes="7" referenced_classes="30" total_bugs="0" total_size="127" num_packages="1" java_version="15" vm_version="15+36-1562" cpu_seconds="12.12" clock_seconds="1.47" peak_mbytes="217.99" alloc_mbytes="4076.00" gc_seconds="0.02">
    <PackageStats package="aufgabe5" total_bugs="0" total_types="7" total_size="127">
      <ClassStats class="aufgabe5.FachNote" sourceFile="FachNote.java" interface="false" size="11" bugs="0"/>
      <ClassStats class="aufgabe5.FachNotenListe" sourceFile="FachNotenListe.java" interface="false" size="8" bugs="0"/>
      <ClassStats class="aufgabe5.FachNotenListe$Element" sourceFile="FachNotenListe.java" interface="false" size="8" bugs="0"/>
      <ClassStats class="aufgabe5.FachNotenListe$Iterator" sourceFile="FachNotenListe.java" interface="false" size="14" bugs="0"/>
      <ClassStats class="aufgabe5.Note" sourceFile="Note.java" interface="false" size="39" bugs="0"/>
      <ClassStats class="aufgabe5.Notenspiegel" sourceFile="Notenspiegel.java" interface="false" size="46" bugs="0"/>
      <ClassStats class="aufgabe5.package-info" sourceFile="package-info.java" interface="true" size="1" bugs="0"/>
    </PackageStats>
    <FindBugsProfile>
      <ClassProfile name="edu.umd.cs.findbugs.classfile.engine.ClassInfoAnalysisEngine" totalMilliseconds="304" invocations="475" avgMicrosecondsPerInvocation="641" maxMicrosecondsPerInvocation="16057" standardDeviationMicrosecondsPerInvocation="1378"/>
      <ClassProfile name="edu.umd.cs.findbugs.classfile.engine.ClassDataAnalysisEngine" totalMilliseconds="79" invocations="477" avgMicrosecondsPerInvocation="166" maxMicrosecondsPerInvocation="2479" standardDeviationMicrosecondsPerInvocation="146"/>
      <ClassProfile name="edu.umd.cs.findbugs.detect.FieldItemSummary" totalMilliseconds="74" invocations="30" avgMicrosecondsPerInvocation="2484" maxMicrosecondsPerInvocation="12962" standardDeviationMicrosecondsPerInvocation="3635"/>
      <ClassProfile name="edu.umd.cs.findbugs.detect.FindNoSideEffectMethods" totalMilliseconds="54" invocations="30" avgMicrosecondsPerInvocation="1819" maxMicrosecondsPerInvocation="9777" standardDeviationMicrosecondsPerInvocation="2742"/>
      <ClassProfile name="edu.umd.cs.findbugs.OpcodeStack$JumpInfoFactory" totalMilliseconds="40" invocations="116" avgMicrosecondsPerInvocation="352" maxMicrosecondsPerInvocation="2037" standardDeviationMicrosecondsPerInvocation="413"/>
      <ClassProfile name="edu.umd.cs.findbugs.classfile.engine.bcel.UnconditionalValueDerefDataflowFactory" totalMilliseconds="33" invocations="19" avgMicrosecondsPerInvocation="1784" maxMicrosecondsPerInvocation="16009" standardDeviationMicrosecondsPerInvocation="3957"/>
      <ClassProfile name="edu.umd.cs.findbugs.util.TopologicalSort" totalMilliseconds="28" invocations="438" avgMicrosecondsPerInvocation="65" maxMicrosecondsPerInvocation="1272" standardDeviationMicrosecondsPerInvocation="126"/>
      <ClassProfile name="edu.umd.cs.findbugs.classfile.engine.bcel.ValueNumberDataflowFactory" totalMilliseconds="26" invocations="19" avgMicrosecondsPerInvocation="1418" maxMicrosecondsPerInvocation="13282" standardDeviationMicrosecondsPerInvocation="3347"/>
      <ClassProfile name="edu.umd.cs.findbugs.classfile.engine.bcel.IsNullValueDataflowFactory" totalMilliseconds="25" invocations="19" avgMicrosecondsPerInvocation="1343" maxMicrosecondsPerInvocation="12580" standardDeviationMicrosecondsPerInvocation="2905"/>
      <ClassProfile name="edu.umd.cs.findbugs.detect.NoteDirectlyRelevantTypeQualifiers" totalMilliseconds="25" invocations="30" avgMicrosecondsPerInvocation="842" maxMicrosecondsPerInvocation="5431" standardDeviationMicrosecondsPerInvocation="1250"/>
      <ClassProfile name="edu.umd.cs.findbugs.classfile.engine.bcel.MethodGenFactory" totalMilliseconds="24" invocations="19" avgMicrosecondsPerInvocation="1290" maxMicrosecondsPerInvocation="20245" standardDeviationMicrosecondsPerInvocation="4474"/>
      <ClassProfile name="edu.umd.cs.findbugs.classfile.engine.bcel.JavaClassAnalysisEngine" totalMilliseconds="23" invocations="52" avgMicrosecondsPerInvocation="451" maxMicrosecondsPerInvocation="8906" standardDeviationMicrosecondsPerInvocation="1275"/>
      <ClassProfile name="edu.umd.cs.findbugs.classfile.engine.bcel.TypeDataflowFactory" totalMilliseconds="20" invocations="19" avgMicrosecondsPerInvocation="1068" maxMicrosecondsPerInvocation="7718" standardDeviationMicrosecondsPerInvocation="2145"/>
      <ClassProfile name="edu.umd.cs.findbugs.detect.FunctionsThatMightBeMistakenForProcedures" totalMilliseconds="20" invocations="30" avgMicrosecondsPerInvocation="673" maxMicrosecondsPerInvocation="4271" standardDeviationMicrosecondsPerInvocation="1114"/>
      <ClassProfile name="edu.umd.cs.findbugs.detect.CalledMethods" totalMilliseconds="18" invocations="30" avgMicrosecondsPerInvocation="610" maxMicrosecondsPerInvocation="2810" standardDeviationMicrosecondsPerInvocation="841"/>
      <ClassProfile name="edu.umd.cs.findbugs.classfile.engine.bcel.CFGFactory" totalMilliseconds="18" invocations="19" avgMicrosecondsPerInvocation="952" maxMicrosecondsPerInvocation="7801" standardDeviationMicrosecondsPerInvocation="1776"/>
      <ClassProfile name="edu.umd.cs.findbugs.detect.FindNullDeref" totalMilliseconds="17" invocations="7" avgMicrosecondsPerInvocation="2434" maxMicrosecondsPerInvocation="16164" standardDeviationMicrosecondsPerInvocation="5607"/>
    </FindBugsProfile>
  </FindBugsSummary>
  <ClassFeatures></ClassFeatures>
  <History></History>
</BugCollection>
