<?xml version="1.0" encoding="ISO-8859-1"?><pnml>
    <net id="Net-One" type="P/T net">
        <token id="Default" enabled="true" red="0" green="0" blue="0"/>
        <place id="Pot">
            <graphics>
                <position x="585.0" y="600.0"/>
            </graphics>
            <name>
                <value>Pot</value>
                <graphics>
                    <offset x="0.0" y="0.0"/>
                </graphics>
            </name>
            <initialMarking>
                <value>Default,0</value>
                <graphics>
                    <offset x="0.0" y="0.0"/>
                </graphics>
            </initialMarking>
            <capacity>
                <value>0</value>
            </capacity>
        </place>
        <place id="Pot sperren">
            <graphics>
                <position x="585.0" y="930.0"/>
            </graphics>
            <name>
                <value>Pot sperren</value>
                <graphics>
                    <offset x="0.0" y="0.0"/>
                </graphics>
            </name>
            <initialMarking>
                <value>Default,1</value>
                <graphics>
                    <offset x="0.0" y="0.0"/>
                </graphics>
            </initialMarking>
            <capacity>
                <value>0</value>
            </capacity>
        </place>
        <place id="Spieler 1">
            <graphics>
                <position x="300.0" y="660.0"/>
            </graphics>
            <name>
                <value>Spieler 1</value>
                <graphics>
                    <offset x="0.0" y="0.0"/>
                </graphics>
            </name>
            <initialMarking>
                <value>Default,3</value>
                <graphics>
                    <offset x="0.0" y="0.0"/>
                </graphics>
            </initialMarking>
            <capacity>
                <value>0</value>
            </capacity>
        </place>
        <place id="Spieler 2">
            <graphics>
                <position x="840.0" y="660.0"/>
            </graphics>
            <name>
                <value>Spieler 2</value>
                <graphics>
                    <offset x="0.0" y="0.0"/>
                </graphics>
            </name>
            <initialMarking>
                <value>Default,3</value>
                <graphics>
                    <offset x="0.0" y="0.0"/>
                </graphics>
            </initialMarking>
            <capacity>
                <value>0</value>
            </capacity>
        </place>
        <transition id="Einsatz">
            <graphics>
                <position x="585.0" y="735.0"/>
            </graphics>
            <name>
                <value>Einsatz</value>
                <graphics>
                    <offset x="-5.0" y="35.0"/>
                </graphics>
            </name>
            <orientation>
                <value>0</value>
            </orientation>
            <rate>
                <value>2.0</value>
            </rate>
            <timed>
                <value>false</value>
            </timed>
            <infiniteServer>
                <value>false</value>
            </infiniteServer>
            <priority>
                <value>1</value>
            </priority>
        </transition>
        <transition id="S1 gewinnt">
            <graphics>
                <position x="495.0" y="660.0"/>
            </graphics>
            <name>
                <value>S1 gewinnt</value>
                <graphics>
                    <offset x="-5.0" y="35.0"/>
                </graphics>
            </name>
            <orientation>
                <value>0</value>
            </orientation>
            <rate>
                <value>1.0</value>
            </rate>
            <timed>
                <value>false</value>
            </timed>
            <infiniteServer>
                <value>false</value>
            </infiniteServer>
            <priority>
                <value>1</value>
            </priority>
        </transition>
        <transition id="S2 gewinnt">
            <graphics>
                <position x="675.0" y="660.0"/>
            </graphics>
            <name>
                <value>S2 gewinnt</value>
                <graphics>
                    <offset x="-5.0" y="35.0"/>
                </graphics>
            </name>
            <orientation>
                <value>0</value>
            </orientation>
            <rate>
                <value>1.0</value>
            </rate>
            <timed>
                <value>false</value>
            </timed>
            <infiniteServer>
                <value>false</value>
            </infiniteServer>
            <priority>
                <value>1</value>
            </priority>
        </transition>
        <arc id="Einsatz to Pot" source="Einsatz" target="Pot">
            <graphics/>
            <inscription>
                <value>Default,2</value>
                <graphics/>
            </inscription>
            <tagged>
                <value>false</value>
            </tagged>
            <arcpath id="000" x="597" y="732" curvePoint="false"/>
            <arcpath id="001" x="597" y="626" curvePoint="false"/>
            <type value="normal"/>
        </arc>
        <arc id="Pot sperren to Einsatz" source="Pot sperren" target="Einsatz">
            <graphics/>
            <inscription>
                <value>Default,1</value>
                <graphics/>
            </inscription>
            <tagged>
                <value>false</value>
            </tagged>
            <arcpath id="000" x="597" y="927" curvePoint="false"/>
            <arcpath id="001" x="597" y="762" curvePoint="false"/>
            <type value="normal"/>
        </arc>
        <arc id="Pot to S1 gewinnt" source="Pot" target="S1 gewinnt">
            <graphics/>
            <inscription>
                <value>Default,2</value>
                <graphics/>
            </inscription>
            <tagged>
                <value>false</value>
            </tagged>
            <arcpath id="000" x="584" y="620" curvePoint="false"/>
            <arcpath id="001" x="511" y="672" curvePoint="false"/>
            <type value="normal"/>
        </arc>
        <arc id="Pot to S2 gewinnt" source="Pot" target="S2 gewinnt">
            <graphics/>
            <inscription>
                <value>Default,2</value>
                <graphics/>
            </inscription>
            <tagged>
                <value>false</value>
            </tagged>
            <arcpath id="000" x="609" y="620" curvePoint="false"/>
            <arcpath id="001" x="681" y="672" curvePoint="false"/>
            <type value="normal"/>
        </arc>
        <arc id="S1 gewinnt to Pot sperren" source="S1 gewinnt" target="Pot sperren">
            <graphics/>
            <inscription>
                <value>Default,1</value>
                <graphics/>
            </inscription>
            <tagged>
                <value>false</value>
            </tagged>
            <arcpath id="000" x="507" y="687" curvePoint="false"/>
            <arcpath id="001" x="592" y="927" curvePoint="false"/>
            <type value="normal"/>
        </arc>
        <arc id="S1 gewinnt to Spieler 1" source="S1 gewinnt" target="Spieler 1">
            <graphics/>
            <inscription>
                <value>Default,2</value>
                <graphics/>
            </inscription>
            <tagged>
                <value>false</value>
            </tagged>
            <arcpath id="000" x="501" y="672" curvePoint="false"/>
            <arcpath id="001" x="326" y="672" curvePoint="false"/>
            <type value="normal"/>
        </arc>
        <arc id="S2 gewinnt to Pot sperren" source="S2 gewinnt" target="Pot sperren">
            <graphics/>
            <inscription>
                <value>Default,1</value>
                <graphics/>
            </inscription>
            <tagged>
                <value>false</value>
            </tagged>
            <arcpath id="000" x="687" y="687" curvePoint="false"/>
            <arcpath id="001" x="602" y="927" curvePoint="false"/>
            <type value="normal"/>
        </arc>
        <arc id="S2 gewinnt to Spieler 2" source="S2 gewinnt" target="Spieler 2">
            <graphics/>
            <inscription>
                <value>Default,2</value>
                <graphics/>
            </inscription>
            <tagged>
                <value>false</value>
            </tagged>
            <arcpath id="000" x="691" y="672" curvePoint="false"/>
            <arcpath id="001" x="837" y="672" curvePoint="false"/>
            <type value="normal"/>
        </arc>
        <arc id="Spieler 1 to Einsatz" source="Spieler 1" target="Einsatz">
            <graphics/>
            <inscription>
                <value>Default,1</value>
                <graphics/>
            </inscription>
            <tagged>
                <value>false</value>
            </tagged>
            <arcpath id="000" x="326" y="675" curvePoint="false"/>
            <arcpath id="001" x="591" y="747" curvePoint="false"/>
            <type value="normal"/>
        </arc>
        <arc id="Spieler 2 to Einsatz" source="Spieler 2" target="Einsatz">
            <graphics/>
            <inscription>
                <value>Default,1</value>
                <graphics/>
            </inscription>
            <tagged>
                <value>false</value>
            </tagged>
            <arcpath id="000" x="837" y="676" curvePoint="false"/>
            <arcpath id="001" x="601" y="747" curvePoint="false"/>
            <type value="normal"/>
        </arc>
    </net>
</pnml>
